{
"lengthUnit": "mil",
"remark": [],
"components": {
	"fields": ["COMPONENT_NO", "COMPONENT_NAME", "LAYER", "X_COORDINATE", "Y_COORDINATE", "ANGLE"],
	"rows": [
		[1, "C1", "T", -210, -15, 0],
		[2, "F1", "T", -70, 75, 180],
		[3, "LED1", "T", 1575, 575, 0],
		[4, "LED2", "T", 1705, 370, 0],
		[5, "LED3", "T", 1475, 250, 0],
		[6, "LED4", "T", 1160, 250, 0],
		[7, "LED5", "T", 785, 250, 0],
		[8, "LED6", "T", 380, 255, 0],
		[9, "LED7", "T", -20, 255, 0],
		[10, "LED8", "T", -405, 255, 0],
		[11, "LED9", "T", -810, 250, 0],
		[12, "LED10", "T", -1275, 250, 0],
		[13, "LED11", "T", -1740, 250, 0],
		[14, "LED12", "T", -1500, 790, 0],
		[15, "LED13", "T", -1660, 1175, 0],
		[16, "LED14", "T", -1670, 1625, 0],
		[17, "LED15", "T", -1500, 2015, 0],
		[18, "LED16", "T", -1505, 2495, 0],
		[19, "LED17", "T", -1765, 2855, 0],
		[20, "LED18", "T", -1235, 2855, 0],
		[21, "LED19", "T", -750, 2700, 0],
		[22, "LED20", "T", -680, 3215, 0],
		[23, "LED21", "T", -465, 3165, 0],
		[24, "LED22", "T", -305, 3230, 0],
		[25, "LED23", "T", -135, 3245, 0],
		[26, "LED24", "T", 35, 3230, 0],
		[27, "LED25", "T", 195, 3175, 0],
		[28, "LED26", "T", 30, 2080, 0],
		[29, "LED27", "T", 455, 1880, 0],
		[30, "LED28", "T", 915, 1855, 0],
		[31, "LED29", "T", 1325, 1970, 0],
		[32, "LED30", "T", 1485, 1585, 0],
		[33, "LED31", "T", 1405, 1145, 0],
		[34, "LED32", "T", 1205, 785, 0],
		[35, "LED33", "T", 630, 1150, 0],
		[36, "LED34", "T", 1070, 1560, 0],
		[37, "LED35", "T", 430, 1550, 0],
		[38, "LED36", "T", 25, 1560, 0],
		[39, "LED37", "T", -355, 1565, 0],
		[40, "LED38", "T", 140, 815, 0],
		[41, "LED39", "T", -560, 825, 0],
		[42, "LED40", "T", -1070, 1080, 0],
		[43, "LED41", "T", -945, 1695, 0],
		[44, "LED42", "T", -565, 2140, 0],
		[45, "LED43", "T", -1040, 2300, 0],
		[46, "Q1", "T", -40, -95, 270],
		[47, "R1", "T", -215, 75, 180],
		[48, "R2", "T", -105, -20, 90],
		[49, "R3", "T", -85, -185, 0],
		[50, "SW1", "T", -160, 685, 0],
		[51, "U1", "T", -200, -120, 180],
		[52, "PAD1", "B", -17.5, -120, 0],
		[53, "PAD2", "B", -225.9665, -120, 0],
		[54, "PAD3", "B", -122.9744, -120, 0],
		[55, "PAD4", "B", -1060, -85.3504, 0],
		[56, "PAD5", "T", 847.5, -87.1713, 0],
		[57, "PAD6", "T", -1060, -85.3504, 0],
		[58, "PAD7", "B", 847.5, -87.1713, 0],
		[59, "PAD8", "B", -110, 90, 0],
		[60, "PAD9", "B", -25, 90, 0],
		[61, "PAD10", "B", -215, 90, 0],
		[62, "PAD11", "B", -170.3149, 15.315, 0],
		[63, "PAD12", "B", -85, 15, 0],
		[64, "PAD13", "T", 1604.53, 591.73, 0],
		[65, "PAD14", "T", 1604.53, 558.27, 0],
		[66, "PAD15", "T", 1545.47, 558.27, 0],
		[67, "PAD16", "T", 1545.47, 591.73, 0],
		[68, "PAD17", "T", 1734.53, 386.73, 0],
		[69, "PAD18", "T", 1734.53, 353.27, 0],
		[70, "PAD19", "T", 1675.47, 353.27, 0],
		[71, "PAD20", "T", 1675.47, 386.73, 0],
		[72, "PAD21", "T", 1504.53, 266.73, 0],
		[73, "PAD22", "T", 1504.53, 233.27, 0],
		[74, "PAD23", "T", 1445.47, 233.27, 0],
		[75, "PAD24", "T", 1445.47, 266.73, 0],
		[76, "PAD25", "T", -168.5, -64.59, 0],
		[77, "PAD26", "T", -200, -64.59, 0],
		[78, "PAD27", "T", -215.75, -64.59, 0],
		[79, "PAD28", "T", -184.25, -175.41, 0],
		[80, "PAD29", "T", -168.5, -175.41, 0],
		[81, "PAD30", "T", -144.59, -135.75, 0],
		[82, "PAD31", "T", -144.59, -104.25, 0],
		[83, "PAD32", "T", 1189.53, 266.73, 0],
		[84, "PAD33", "T", 1189.53, 233.27, 0],
		[85, "PAD34", "T", 1130.47, 233.27, 0],
		[86, "PAD35", "T", 1130.47, 266.73, 0],
		[87, "PAD36", "T", 814.53, 266.73, 0],
		[88, "PAD37", "T", 814.53, 233.27, 0],
		[89, "PAD38", "T", 755.47, 233.27, 0],
		[90, "PAD39", "T", 755.47, 266.73, 0],
		[91, "PAD40", "T", 409.53, 271.73, 0],
		[92, "PAD41", "T", 409.53, 238.27, 0],
		[93, "PAD42", "T", 350.47, 238.27, 0],
		[94, "PAD43", "T", 350.47, 271.73, 0],
		[95, "PAD44", "T", 9.53, 271.73, 0],
		[96, "PAD45", "T", 9.53, 238.27, 0],
		[97, "PAD46", "T", -49.53, 238.27, 0],
		[98, "PAD47", "T", -49.53, 271.73, 0],
		[99, "PAD48", "T", -375.47, 271.73, 0],
		[100, "PAD49", "T", -375.47, 238.27, 0],
		[101, "PAD50", "T", -434.53, 238.27, 0],
		[102, "PAD51", "T", -434.53, 271.73, 0],
		[103, "PAD52", "T", -780.47, 266.73, 0],
		[104, "PAD53", "T", -780.47, 233.27, 0],
		[105, "PAD54", "T", -839.53, 233.27, 0],
		[106, "PAD55", "T", -839.53, 266.73, 0],
		[107, "PAD56", "T", -1245.47, 266.73, 0],
		[108, "PAD57", "T", -1245.47, 233.27, 0],
		[109, "PAD58", "T", -1304.53, 233.27, 0],
		[110, "PAD59", "T", -1304.53, 266.73, 0],
		[111, "PAD60", "T", -1710.47, 266.73, 0],
		[112, "PAD61", "T", -1710.47, 233.27, 0],
		[113, "PAD62", "T", -1769.53, 233.27, 0],
		[114, "PAD63", "T", -1769.53, 266.73, 0],
		[115, "PAD64", "T", -1470.47, 806.73, 0],
		[116, "PAD65", "T", -1470.47, 773.27, 0],
		[117, "PAD66", "T", -1529.53, 773.27, 0],
		[118, "PAD67", "T", -1529.53, 806.73, 0],
		[119, "PAD68", "T", -1630.47, 1191.73, 0],
		[120, "PAD69", "T", -1630.47, 1158.27, 0],
		[121, "PAD70", "T", -1689.53, 1158.27, 0],
		[122, "PAD71", "T", -1689.53, 1191.73, 0],
		[123, "PAD72", "T", -1640.47, 1641.73, 0],
		[124, "PAD73", "T", -1640.47, 1608.27, 0],
		[125, "PAD74", "T", -1699.53, 1608.27, 0],
		[126, "PAD75", "T", -1699.53, 1641.73, 0],
		[127, "PAD76", "T", -1470.47, 2031.73, 0],
		[128, "PAD77", "T", -1470.47, 1998.27, 0],
		[129, "PAD78", "T", -1529.53, 1998.27, 0],
		[130, "PAD79", "T", -1529.53, 2031.73, 0],
		[131, "PAD80", "T", -1475.47, 2511.73, 0],
		[132, "PAD81", "T", -1475.47, 2478.27, 0],
		[133, "PAD82", "T", -1534.53, 2478.27, 0],
		[134, "PAD83", "T", -1534.53, 2511.73, 0],
		[135, "PAD84", "T", -1735.47, 2871.73, 0],
		[136, "PAD85", "T", -1735.47, 2838.27, 0],
		[137, "PAD86", "T", -1794.53, 2838.27, 0],
		[138, "PAD87", "T", -1794.53, 2871.73, 0],
		[139, "PAD88", "T", -1205.47, 2871.73, 0],
		[140, "PAD89", "T", -1205.47, 2838.27, 0],
		[141, "PAD90", "T", -1264.53, 2838.27, 0],
		[142, "PAD91", "T", -1264.53, 2871.73, 0],
		[143, "PAD92", "T", -720.47, 2716.73, 0],
		[144, "PAD93", "T", -720.47, 2683.27, 0],
		[145, "PAD94", "T", -779.53, 2683.27, 0],
		[146, "PAD95", "T", -779.53, 2716.73, 0],
		[147, "PAD96", "T", -650.47, 3231.73, 0],
		[148, "PAD97", "T", -650.47, 3198.27, 0],
		[149, "PAD98", "T", -709.53, 3198.27, 0],
		[150, "PAD99", "T", -709.53, 3231.73, 0],
		[151, "PAD100", "T", -435.47, 3181.73, 0],
		[152, "PAD101", "T", -435.47, 3148.27, 0],
		[153, "PAD102", "T", -494.53, 3148.27, 0],
		[154, "PAD103", "T", -494.53, 3181.73, 0],
		[155, "PAD104", "T", -275.47, 3246.73, 0],
		[156, "PAD105", "T", -275.47, 3213.27, 0],
		[157, "PAD106", "T", -334.53, 3213.27, 0],
		[158, "PAD107", "T", -334.53, 3246.73, 0],
		[159, "PAD108", "T", -105.47, 3261.73, 0],
		[160, "PAD109", "T", -105.47, 3228.27, 0],
		[161, "PAD110", "T", -164.53, 3228.27, 0],
		[162, "PAD111", "T", -164.53, 3261.73, 0],
		[163, "PAD112", "T", 64.53, 3246.73, 0],
		[164, "PAD113", "T", 64.53, 3213.27, 0],
		[165, "PAD114", "T", 5.47, 3213.27, 0],
		[166, "PAD115", "T", 5.47, 3246.73, 0],
		[167, "PAD116", "T", 224.53, 3191.73, 0],
		[168, "PAD117", "T", 224.53, 3158.27, 0],
		[169, "PAD118", "T", 165.47, 3158.27, 0],
		[170, "PAD119", "T", 165.47, 3191.73, 0],
		[171, "PAD120", "T", 59.53, 2096.73, 0],
		[172, "PAD121", "T", 59.53, 2063.27, 0],
		[173, "PAD122", "T", 0.47, 2063.27, 0],
		[174, "PAD123", "T", 0.47, 2096.73, 0],
		[175, "PAD124", "T", 484.53, 1896.73, 0],
		[176, "PAD125", "T", 484.53, 1863.27, 0],
		[177, "PAD126", "T", 425.47, 1863.27, 0],
		[178, "PAD127", "T", 425.47, 1896.73, 0],
		[179, "PAD128", "T", 944.53, 1871.73, 0],
		[180, "PAD129", "T", 944.53, 1838.27, 0],
		[181, "PAD130", "T", 885.47, 1838.27, 0],
		[182, "PAD131", "T", 885.47, 1871.73, 0],
		[183, "PAD132", "T", 1354.53, 1986.73, 0],
		[184, "PAD133", "T", 1354.53, 1953.27, 0],
		[185, "PAD134", "T", 1295.47, 1953.27, 0],
		[186, "PAD135", "T", 1295.47, 1986.73, 0],
		[187, "PAD136", "T", 1514.53, 1601.73, 0],
		[188, "PAD137", "T", 1514.53, 1568.27, 0],
		[189, "PAD138", "T", 1455.47, 1568.27, 0],
		[190, "PAD139", "T", 1455.47, 1601.73, 0],
		[191, "PAD140", "T", 1434.53, 1161.73, 0],
		[192, "PAD141", "T", 1434.53, 1128.27, 0],
		[193, "PAD142", "T", 1375.47, 1128.27, 0],
		[194, "PAD143", "T", 1375.47, 1161.73, 0],
		[195, "PAD144", "T", 1234.53, 801.73, 0],
		[196, "PAD145", "T", 1234.53, 768.27, 0],
		[197, "PAD146", "T", 1175.47, 768.27, 0],
		[198, "PAD147", "T", 1175.47, 801.73, 0],
		[199, "PAD148", "T", 659.53, 1166.73, 0],
		[200, "PAD149", "T", 659.53, 1133.27, 0],
		[201, "PAD150", "T", 600.47, 1133.27, 0],
		[202, "PAD151", "T", 600.47, 1166.73, 0],
		[203, "PAD152", "T", 1099.53, 1576.73, 0],
		[204, "PAD153", "T", 1099.53, 1543.27, 0],
		[205, "PAD154", "T", 1040.47, 1543.27, 0],
		[206, "PAD155", "T", 1040.47, 1576.73, 0],
		[207, "PAD156", "T", 459.53, 1566.73, 0],
		[208, "PAD157", "T", 459.53, 1533.27, 0],
		[209, "PAD158", "T", 400.47, 1533.27, 0],
		[210, "PAD159", "T", 400.47, 1566.73, 0],
		[211, "PAD160", "T", 54.53, 1576.73, 0],
		[212, "PAD161", "T", 54.53, 1543.27, 0],
		[213, "PAD162", "T", -4.53, 1543.27, 0],
		[214, "PAD163", "T", -4.53, 1576.73, 0],
		[215, "PAD164", "T", -325.47, 1581.73, 0],
		[216, "PAD165", "T", -325.47, 1548.27, 0],
		[217, "PAD166", "T", -384.53, 1548.27, 0],
		[218, "PAD167", "T", -384.53, 1581.73, 0],
		[219, "PAD168", "T", 169.53, 831.73, 0],
		[220, "PAD169", "T", 169.53, 798.27, 0],
		[221, "PAD170", "T", 110.47, 798.27, 0],
		[222, "PAD171", "T", 110.47, 831.73, 0],
		[223, "PAD172", "T", -530.47, 841.73, 0],
		[224, "PAD173", "T", -530.47, 808.27, 0],
		[225, "PAD174", "T", -589.53, 808.27, 0],
		[226, "PAD175", "T", -589.53, 841.73, 0],
		[227, "PAD176", "T", -1040.47, 1096.73, 0],
		[228, "PAD177", "T", -1040.47, 1063.27, 0],
		[229, "PAD178", "T", -1099.53, 1063.27, 0],
		[230, "PAD179", "T", -1099.53, 1096.73, 0],
		[231, "PAD180", "T", -915.47, 1711.73, 0],
		[232, "PAD181", "T", -915.47, 1678.27, 0],
		[233, "PAD182", "T", -974.53, 1678.27, 0],
		[234, "PAD183", "T", -974.53, 1711.73, 0],
		[235, "PAD184", "T", -535.47, 2156.73, 0],
		[236, "PAD185", "T", -535.47, 2123.27, 0],
		[237, "PAD186", "T", -594.53, 2123.27, 0],
		[238, "PAD187", "T", -594.53, 2156.73, 0],
		[239, "PAD188", "T", -188.54, -15, 0],
		[240, "PAD189", "T", -231.46, -15, 0],
		[241, "PAD190", "T", -114.98, 75, 0],
		[242, "PAD191", "T", -25.02, 75, 0],
		[243, "PAD192", "T", -232.04, 75, 0],
		[244, "PAD193", "T", -197.96, 75, 0],
		[245, "PAD194", "T", -246.02, 685, 0],
		[246, "PAD195", "T", -73.98, 685, 0],
		[247, "PAD196", "T", -77.4, -134.37, 0],
		[248, "PAD197", "T", -2.6, -134.37, 0],
		[249, "PAD198", "T", -40, -55.63, 0],
		[250, "PAD199", "T", -105, -2.96, 0],
		[251, "PAD200", "T", -105, -37.04, 0],
		[252, "PAD201", "T", -67.96, -185, 0],
		[253, "PAD202", "T", -102.04, -185, 0],
		[254, "PAD203", "T", -1010.47, 2316.73, 0],
		[255, "PAD204", "T", -1010.47, 2283.27, 0],
		[256, "PAD205", "T", -1069.53, 2283.27, 0]
	]
},
"pins": {
	"fields": ["PIN_NO", "PIN_NAME", "PIN_X", "PIN_Y", "LAYER", "PIN_TYPE", "NET_NAME", "NET_TYPE", "PAD_SHAPE", "PAD_SIZEX", "PAD_SIZEY", "HOLE_SIZE", "HOLE_LEN", "PAD_ANGLE"],
	"rows": [
		[1, "C1_1", -231.46, -15, "T", "SMD", "VCC", "", "R", 31.106, 21.26, 0, 0, 0],
		[2, "C1_2", -188.54, -15, "T", "SMD", "GND", "GND", "R", 31.106, 21.26, 0, 0, 0],
		[3, "F1_1", -25.02, 75, "T", "SMD", "VCC_IN", "", "R", 52.559, 59.055, 0, 0, 180],
		[4, "F1_2", -114.98, 75, "T", "SMD", "VCC", "", "R", 52.559, 59.055, 0, 0, 180],
		[5, "LED1_1", 1545.47, 591.73, "T", "SMD", "$1N788", "", "R", 31.496, 25.591, 0, 0, 0],
		[6, "LED1_2", 1604.53, 591.73, "T", "SMD", "VCC", "", "R", 31.496, 25.591, 0, 0, 0],
		[7, "LED1_3", 1545.47, 558.27, "T", "SMD", "GND", "GND", "R", 31.496, 25.591, 0, 0, 0],
		[8, "LED1_4", 1604.53, 558.27, "T", "SMD", "NET1", "", "R", 31.496, 25.591, 0, 0, 0],
		[9, "LED2_1", 1675.47, 386.73, "T", "SMD", "$1N858", "", "R", 31.496, 25.591, 0, 0, 0],
		[10, "LED2_2", 1734.53, 386.73, "T", "SMD", "VCC", "", "R", 31.496, 25.591, 0, 0, 0],
		[11, "LED2_3", 1675.47, 353.27, "T", "SMD", "GND", "GND", "R", 31.496, 25.591, 0, 0, 0],
		[12, "LED2_4", 1734.53, 353.27, "T", "SMD", "$1N788", "", "R", 31.496, 25.591, 0, 0, 0],
		[13, "LED3_1", 1445.47, 266.73, "T", "SMD", "$1N1000", "", "R", 31.496, 25.591, 0, 0, 0],
		[14, "LED3_2", 1504.53, 266.73, "T", "SMD", "VCC", "", "R", 31.496, 25.591, 0, 0, 0],
		[15, "LED3_3", 1445.47, 233.27, "T", "SMD", "GND", "GND", "R", 31.496, 25.591, 0, 0, 0],
		[16, "LED3_4", 1504.53, 233.27, "T", "SMD", "$1N858", "", "R", 31.496, 25.591, 0, 0, 0],
		[17, "LED4_1", 1130.47, 266.73, "T", "SMD", "$1N998", "", "R", 31.496, 25.591, 0, 0, 0],
		[18, "LED4_2", 1189.53, 266.73, "T", "SMD", "VCC", "", "R", 31.496, 25.591, 0, 0, 0],
		[19, "LED4_3", 1130.47, 233.27, "T", "SMD", "GND", "GND", "R", 31.496, 25.591, 0, 0, 0],
		[20, "LED4_4", 1189.53, 233.27, "T", "SMD", "$1N1000", "", "R", 31.496, 25.591, 0, 0, 0],
		[21, "LED5_1", 755.47, 266.73, "T", "SMD", "$1N1144", "", "R", 31.496, 25.591, 0, 0, 0],
		[22, "LED5_2", 814.53, 266.73, "T", "SMD", "VCC", "", "R", 31.496, 25.591, 0, 0, 0],
		[23, "LED5_3", 755.47, 233.27, "T", "SMD", "GND", "GND", "R", 31.496, 25.591, 0, 0, 0],
		[24, "LED5_4", 814.53, 233.27, "T", "SMD", "$1N998", "", "R", 31.496, 25.591, 0, 0, 0],
		[25, "LED6_1", 350.47, 271.73, "T", "SMD", "$1N1142", "", "R", 31.496, 25.591, 0, 0, 0],
		[26, "LED6_2", 409.53, 271.73, "T", "SMD", "VCC", "", "R", 31.496, 25.591, 0, 0, 0],
		[27, "LED6_3", 350.47, 238.27, "T", "SMD", "GND", "GND", "R", 31.496, 25.591, 0, 0, 0],
		[28, "LED6_4", 409.53, 238.27, "T", "SMD", "$1N1144", "", "R", 31.496, 25.591, 0, 0, 0],
		[29, "LED7_1", -49.53, 271.73, "T", "SMD", "$1N1736", "", "R", 31.496, 25.591, 0, 0, 0],
		[30, "LED7_2", 9.53, 271.73, "T", "SMD", "VCC", "", "R", 31.496, 25.591, 0, 0, 0],
		[31, "LED7_3", -49.53, 238.27, "T", "SMD", "GND", "GND", "R", 31.496, 25.591, 0, 0, 0],
		[32, "LED7_4", 9.53, 238.27, "T", "SMD", "$1N1142", "", "R", 31.496, 25.591, 0, 0, 0],
		[33, "LED8_1", -434.53, 271.73, "T", "SMD", "$1N1696", "", "R", 31.496, 25.591, 0, 0, 0],
		[34, "LED8_2", -375.47, 271.73, "T", "SMD", "VCC", "", "R", 31.496, 25.591, 0, 0, 0],
		[35, "LED8_3", -434.53, 238.27, "T", "SMD", "GND", "GND", "R", 31.496, 25.591, 0, 0, 0],
		[36, "LED8_4", -375.47, 238.27, "T", "SMD", "$1N1736", "", "R", 31.496, 25.591, 0, 0, 0],
		[37, "LED9_1", -839.53, 266.73, "T", "SMD", "$1N1703", "", "R", 31.496, 25.591, 0, 0, 0],
		[38, "LED9_2", -780.47, 266.73, "T", "SMD", "VCC", "", "R", 31.496, 25.591, 0, 0, 0],
		[39, "LED9_3", -839.53, 233.27, "T", "SMD", "GND", "GND", "R", 31.496, 25.591, 0, 0, 0],
		[40, "LED9_4", -780.47, 233.27, "T", "SMD", "$1N1696", "", "R", 31.496, 25.591, 0, 0, 0],
		[41, "LED10_1", -1304.53, 266.73, "T", "SMD", "$1N1707", "", "R", 31.496, 25.591, 0, 0, 0],
		[42, "LED10_2", -1245.47, 266.73, "T", "SMD", "VCC", "", "R", 31.496, 25.591, 0, 0, 0],
		[43, "LED10_3", -1304.53, 233.27, "T", "SMD", "GND", "GND", "R", 31.496, 25.591, 0, 0, 0],
		[44, "LED10_4", -1245.47, 233.27, "T", "SMD", "$1N1703", "", "R", 31.496, 25.591, 0, 0, 0],
		[45, "LED11_1", -1769.53, 266.73, "T", "SMD", "$1N1693", "", "R", 31.496, 25.591, 0, 0, 0],
		[46, "LED11_2", -1710.47, 266.73, "T", "SMD", "VCC", "", "R", 31.496, 25.591, 0, 0, 0],
		[47, "LED11_3", -1769.53, 233.27, "T", "SMD", "GND", "GND", "R", 31.496, 25.591, 0, 0, 0],
		[48, "LED11_4", -1710.47, 233.27, "T", "SMD", "$1N1707", "", "R", 31.496, 25.591, 0, 0, 0],
		[49, "LED12_1", -1529.53, 806.73, "T", "SMD", "$1N1715", "", "R", 31.496, 25.591, 0, 0, 0],
		[50, "LED12_2", -1470.47, 806.73, "T", "SMD", "VCC", "", "R", 31.496, 25.591, 0, 0, 0],
		[51, "LED12_3", -1529.53, 773.27, "T", "SMD", "GND", "GND", "R", 31.496, 25.591, 0, 0, 0],
		[52, "LED12_4", -1470.47, 773.27, "T", "SMD", "$1N1693", "", "R", 31.496, 25.591, 0, 0, 0],
		[53, "LED13_1", -1689.53, 1191.73, "T", "SMD", "$1N1712", "", "R", 31.496, 25.591, 0, 0, 0],
		[54, "LED13_2", -1630.47, 1191.73, "T", "SMD", "VCC", "", "R", 31.496, 25.591, 0, 0, 0],
		[55, "LED13_3", -1689.53, 1158.27, "T", "SMD", "GND", "GND", "R", 31.496, 25.591, 0, 0, 0],
		[56, "LED13_4", -1630.47, 1158.27, "T", "SMD", "$1N1715", "", "R", 31.496, 25.591, 0, 0, 0],
		[57, "LED14_1", -1699.53, 1641.73, "T", "SMD", "$1N2221", "", "R", 31.496, 25.591, 0, 0, 0],
		[58, "LED14_2", -1640.47, 1641.73, "T", "SMD", "VCC", "", "R", 31.496, 25.591, 0, 0, 0],
		[59, "LED14_3", -1699.53, 1608.27, "T", "SMD", "GND", "GND", "R", 31.496, 25.591, 0, 0, 0],
		[60, "LED14_4", -1640.47, 1608.27, "T", "SMD", "$1N1712", "", "R", 31.496, 25.591, 0, 0, 0],
		[61, "LED15_1", -1529.53, 2031.73, "T", "SMD", "$1N2216", "", "R", 31.496, 25.591, 0, 0, 0],
		[62, "LED15_2", -1470.47, 2031.73, "T", "SMD", "VCC", "", "R", 31.496, 25.591, 0, 0, 0],
		[63, "LED15_3", -1529.53, 1998.27, "T", "SMD", "GND", "GND", "R", 31.496, 25.591, 0, 0, 0],
		[64, "LED15_4", -1470.47, 1998.27, "T", "SMD", "$1N2221", "", "R", 31.496, 25.591, 0, 0, 0],
		[65, "LED16_1", -1534.53, 2511.73, "T", "SMD", "$1N2204", "", "R", 31.496, 25.591, 0, 0, 0],
		[66, "LED16_2", -1475.47, 2511.73, "T", "SMD", "VCC", "", "R", 31.496, 25.591, 0, 0, 0],
		[67, "LED16_3", -1534.53, 2478.27, "T", "SMD", "GND", "GND", "R", 31.496, 25.591, 0, 0, 0],
		[68, "LED16_4", -1475.47, 2478.27, "T", "SMD", "$1N2216", "", "R", 31.496, 25.591, 0, 0, 0],
		[69, "LED17_1", -1794.53, 2871.73, "T", "SMD", "$1N2207", "", "R", 31.496, 25.591, 0, 0, 0],
		[70, "LED17_2", -1735.47, 2871.73, "T", "SMD", "VCC", "", "R", 31.496, 25.591, 0, 0, 0],
		[71, "LED17_3", -1794.53, 2838.27, "T", "SMD", "GND", "GND", "R", 31.496, 25.591, 0, 0, 0],
		[72, "LED17_4", -1735.47, 2838.27, "T", "SMD", "$1N2204", "", "R", 31.496, 25.591, 0, 0, 0],
		[73, "LED18_1", -1264.53, 2871.73, "T", "SMD", "$1N2214", "", "R", 31.496, 25.591, 0, 0, 0],
		[74, "LED18_2", -1205.47, 2871.73, "T", "SMD", "VCC", "", "R", 31.496, 25.591, 0, 0, 0],
		[75, "LED18_3", -1264.53, 2838.27, "T", "SMD", "GND", "GND", "R", 31.496, 25.591, 0, 0, 0],
		[76, "LED18_4", -1205.47, 2838.27, "T", "SMD", "$1N2207", "", "R", 31.496, 25.591, 0, 0, 0],
		[77, "LED19_1", -779.53, 2716.73, "T", "SMD", "$1N2228", "", "R", 31.496, 25.591, 0, 0, 0],
		[78, "LED19_2", -720.47, 2716.73, "T", "SMD", "VCC", "", "R", 31.496, 25.591, 0, 0, 0],
		[79, "LED19_3", -779.53, 2683.27, "T", "SMD", "GND", "GND", "R", 31.496, 25.591, 0, 0, 0],
		[80, "LED19_4", -720.47, 2683.27, "T", "SMD", "$1N2214", "", "R", 31.496, 25.591, 0, 0, 0],
		[81, "LED20_1", -709.53, 3231.73, "T", "SMD", "$1N2230", "", "R", 31.496, 25.591, 0, 0, 0],
		[82, "LED20_2", -650.47, 3231.73, "T", "SMD", "VCC", "", "R", 31.496, 25.591, 0, 0, 0],
		[83, "LED20_3", -709.53, 3198.27, "T", "SMD", "GND", "GND", "R", 31.496, 25.591, 0, 0, 0],
		[84, "LED20_4", -650.47, 3198.27, "T", "SMD", "$1N2228", "", "R", 31.496, 25.591, 0, 0, 0],
		[85, "LED21_1", -494.53, 3181.73, "T", "SMD", "$1N2728", "", "R", 31.496, 25.591, 0, 0, 0],
		[86, "LED21_2", -435.47, 3181.73, "T", "SMD", "VCC", "", "R", 31.496, 25.591, 0, 0, 0],
		[87, "LED21_3", -494.53, 3148.27, "T", "SMD", "GND", "GND", "R", 31.496, 25.591, 0, 0, 0],
		[88, "LED21_4", -435.47, 3148.27, "T", "SMD", "$1N2230", "", "R", 31.496, 25.591, 0, 0, 0],
		[89, "LED22_1", -334.53, 3246.73, "T", "SMD", "$1N2723", "", "R", 31.496, 25.591, 0, 0, 0],
		[90, "LED22_2", -275.47, 3246.73, "T", "SMD", "VCC", "", "R", 31.496, 25.591, 0, 0, 0],
		[91, "LED22_3", -334.53, 3213.27, "T", "SMD", "GND", "GND", "R", 31.496, 25.591, 0, 0, 0],
		[92, "LED22_4", -275.47, 3213.27, "T", "SMD", "$1N2728", "", "R", 31.496, 25.591, 0, 0, 0],
		[93, "LED23_1", -164.53, 3261.73, "T", "SMD", "$1N2711", "", "R", 31.496, 25.591, 0, 0, 0],
		[94, "LED23_2", -105.47, 3261.73, "T", "SMD", "VCC", "", "R", 31.496, 25.591, 0, 0, 0],
		[95, "LED23_3", -164.53, 3228.27, "T", "SMD", "GND", "GND", "R", 31.496, 25.591, 0, 0, 0],
		[96, "LED23_4", -105.47, 3228.27, "T", "SMD", "$1N2723", "", "R", 31.496, 25.591, 0, 0, 0],
		[97, "LED24_1", 5.47, 3246.73, "T", "SMD", "$1N2714", "", "R", 31.496, 25.591, 0, 0, 0],
		[98, "LED24_2", 64.53, 3246.73, "T", "SMD", "VCC", "", "R", 31.496, 25.591, 0, 0, 0],
		[99, "LED24_3", 5.47, 3213.27, "T", "SMD", "GND", "GND", "R", 31.496, 25.591, 0, 0, 0],
		[100, "LED24_4", 64.53, 3213.27, "T", "SMD", "$1N2711", "", "R", 31.496, 25.591, 0, 0, 0],
		[101, "LED25_1", 165.47, 3191.73, "T", "SMD", "$1N2721", "", "R", 31.496, 25.591, 0, 0, 0],
		[102, "LED25_2", 224.53, 3191.73, "T", "SMD", "VCC", "", "R", 31.496, 25.591, 0, 0, 0],
		[103, "LED25_3", 165.47, 3158.27, "T", "SMD", "GND", "GND", "R", 31.496, 25.591, 0, 0, 0],
		[104, "LED25_4", 224.53, 3158.27, "T", "SMD", "$1N2714", "", "R", 31.496, 25.591, 0, 0, 0],
		[105, "LED26_1", 0.47, 2096.73, "T", "SMD", "$1N2735", "", "R", 31.496, 25.591, 0, 0, 0],
		[106, "LED26_2", 59.53, 2096.73, "T", "SMD", "VCC", "", "R", 31.496, 25.591, 0, 0, 0],
		[107, "LED26_3", 0.47, 2063.27, "T", "SMD", "GND", "GND", "R", 31.496, 25.591, 0, 0, 0],
		[108, "LED26_4", 59.53, 2063.27, "T", "SMD", "$1N2721", "", "R", 31.496, 25.591, 0, 0, 0],
		[109, "LED27_1", 425.47, 1896.73, "T", "SMD", "$1N2737", "", "R", 31.496, 25.591, 0, 0, 0],
		[110, "LED27_2", 484.53, 1896.73, "T", "SMD", "VCC", "", "R", 31.496, 25.591, 0, 0, 0],
		[111, "LED27_3", 425.47, 1863.27, "T", "SMD", "GND", "GND", "R", 31.496, 25.591, 0, 0, 0],
		[112, "LED27_4", 484.53, 1863.27, "T", "SMD", "$1N2735", "", "R", 31.496, 25.591, 0, 0, 0],
		[113, "LED28_1", 885.47, 1871.73, "T", "SMD", "$1N4741", "", "R", 31.496, 25.591, 0, 0, 0],
		[114, "LED28_2", 944.53, 1871.73, "T", "SMD", "VCC", "", "R", 31.496, 25.591, 0, 0, 0],
		[115, "LED28_3", 885.47, 1838.27, "T", "SMD", "GND", "GND", "R", 31.496, 25.591, 0, 0, 0],
		[116, "LED28_4", 944.53, 1838.27, "T", "SMD", "$1N2737", "", "R", 31.496, 25.591, 0, 0, 0],
		[117, "LED29_1", 1295.47, 1986.73, "T", "SMD", "$1N4746", "", "R", 31.496, 25.591, 0, 0, 0],
		[118, "LED29_2", 1354.53, 1986.73, "T", "SMD", "VCC", "", "R", 31.496, 25.591, 0, 0, 0],
		[119, "LED29_3", 1295.47, 1953.27, "T", "SMD", "GND", "GND", "R", 31.496, 25.591, 0, 0, 0],
		[120, "LED29_4", 1354.53, 1953.27, "T", "SMD", "$1N4741", "", "R", 31.496, 25.591, 0, 0, 0],
		[121, "LED30_1", 1455.47, 1601.73, "T", "SMD", "$1N4734", "", "R", 31.496, 25.591, 0, 0, 0],
		[122, "LED30_2", 1514.53, 1601.73, "T", "SMD", "VCC", "", "R", 31.496, 25.591, 0, 0, 0],
		[123, "LED30_3", 1455.47, 1568.27, "T", "SMD", "GND", "GND", "R", 31.496, 25.591, 0, 0, 0],
		[124, "LED30_4", 1514.53, 1568.27, "T", "SMD", "$1N4746", "", "R", 31.496, 25.591, 0, 0, 0],
		[125, "LED31_1", 1375.47, 1161.73, "T", "SMD", "$1N4748", "", "R", 31.496, 25.591, 0, 0, 0],
		[126, "LED31_2", 1434.53, 1161.73, "T", "SMD", "VCC", "", "R", 31.496, 25.591, 0, 0, 0],
		[127, "LED31_3", 1375.47, 1128.27, "T", "SMD", "GND", "GND", "R", 31.496, 25.591, 0, 0, 0],
		[128, "LED31_4", 1434.53, 1128.27, "T", "SMD", "$1N4734", "", "R", 31.496, 25.591, 0, 0, 0],
		[129, "LED32_1", 1175.47, 801.73, "T", "SMD", "$1N4713", "", "R", 31.496, 25.591, 0, 0, 0],
		[130, "LED32_2", 1234.53, 801.73, "T", "SMD", "VCC", "", "R", 31.496, 25.591, 0, 0, 0],
		[131, "LED32_3", 1175.47, 768.27, "T", "SMD", "GND", "GND", "R", 31.496, 25.591, 0, 0, 0],
		[132, "LED32_4", 1234.53, 768.27, "T", "SMD", "$1N4748", "", "R", 31.496, 25.591, 0, 0, 0],
		[133, "LED33_1", 600.47, 1166.73, "T", "SMD", "$1N4710", "", "R", 31.496, 25.591, 0, 0, 0],
		[134, "LED33_2", 659.53, 1166.73, "T", "SMD", "VCC", "", "R", 31.496, 25.591, 0, 0, 0],
		[135, "LED33_3", 600.47, 1133.27, "T", "SMD", "GND", "GND", "R", 31.496, 25.591, 0, 0, 0],
		[136, "LED33_4", 659.53, 1133.27, "T", "SMD", "$1N4713", "", "R", 31.496, 25.591, 0, 0, 0],
		[137, "LED34_1", 1040.47, 1576.73, "T", "SMD", "$1N4706", "", "R", 31.496, 25.591, 0, 0, 0],
		[138, "LED34_2", 1099.53, 1576.73, "T", "SMD", "VCC", "", "R", 31.496, 25.591, 0, 0, 0],
		[139, "LED34_3", 1040.47, 1543.27, "T", "SMD", "GND", "GND", "R", 31.496, 25.591, 0, 0, 0],
		[140, "LED34_4", 1099.53, 1543.27, "T", "SMD", "$1N4710", "", "R", 31.496, 25.591, 0, 0, 0],
		[141, "LED35_1", 400.47, 1566.73, "T", "SMD", "$1N4694", "", "R", 31.496, 25.591, 0, 0, 0],
		[142, "LED35_2", 459.53, 1566.73, "T", "SMD", "VCC", "", "R", 31.496, 25.591, 0, 0, 0],
		[143, "LED35_3", 400.47, 1533.27, "T", "SMD", "GND", "GND", "R", 31.496, 25.591, 0, 0, 0],
		[144, "LED35_4", 459.53, 1533.27, "T", "SMD", "$1N4706", "", "R", 31.496, 25.591, 0, 0, 0],
		[145, "LED36_1", -4.53, 1576.73, "T", "SMD", "$1N4690", "", "R", 31.496, 25.591, 0, 0, 0],
		[146, "LED36_2", 54.53, 1576.73, "T", "SMD", "VCC", "", "R", 31.496, 25.591, 0, 0, 0],
		[147, "LED36_3", -4.53, 1543.27, "T", "SMD", "GND", "GND", "R", 31.496, 25.591, 0, 0, 0],
		[148, "LED36_4", 54.53, 1543.27, "T", "SMD", "$1N4694", "", "R", 31.496, 25.591, 0, 0, 0],
		[149, "LED37_1", -384.53, 1581.73, "T", "SMD", "$1N4728", "", "R", 31.496, 25.591, 0, 0, 0],
		[150, "LED37_2", -325.47, 1581.73, "T", "SMD", "VCC", "", "R", 31.496, 25.591, 0, 0, 0],
		[151, "LED37_3", -384.53, 1548.27, "T", "SMD", "GND", "GND", "R", 31.496, 25.591, 0, 0, 0],
		[152, "LED37_4", -325.47, 1548.27, "T", "SMD", "$1N4690", "", "R", 31.496, 25.591, 0, 0, 0],
		[153, "LED38_1", 110.47, 831.73, "T", "SMD", "$1N4731", "", "R", 31.496, 25.591, 0, 0, 0],
		[154, "LED38_2", 169.53, 831.73, "T", "SMD", "VCC", "", "R", 31.496, 25.591, 0, 0, 0],
		[155, "LED38_3", 110.47, 798.27, "T", "SMD", "GND", "GND", "R", 31.496, 25.591, 0, 0, 0],
		[156, "LED38_4", 169.53, 798.27, "T", "SMD", "$1N4728", "", "R", 31.496, 25.591, 0, 0, 0],
		[157, "LED39_1", -589.53, 841.73, "T", "SMD", "$1N4700", "", "R", 31.496, 25.591, 0, 0, 0],
		[158, "LED39_2", -530.47, 841.73, "T", "SMD", "VCC", "", "R", 31.496, 25.591, 0, 0, 0],
		[159, "LED39_3", -589.53, 808.27, "T", "SMD", "GND", "GND", "R", 31.496, 25.591, 0, 0, 0],
		[160, "LED39_4", -530.47, 808.27, "T", "SMD", "$1N4731", "", "R", 31.496, 25.591, 0, 0, 0],
		[161, "LED40_1", -1099.53, 1096.73, "T", "SMD", "$1N4720", "", "R", 31.496, 25.591, 0, 0, 0],
		[162, "LED40_2", -1040.47, 1096.73, "T", "SMD", "VCC", "", "R", 31.496, 25.591, 0, 0, 0],
		[163, "LED40_3", -1099.53, 1063.27, "T", "SMD", "GND", "GND", "R", 31.496, 25.591, 0, 0, 0],
		[164, "LED40_4", -1040.47, 1063.27, "T", "SMD", "$1N4700", "", "R", 31.496, 25.591, 0, 0, 0],
		[165, "LED41_1", -974.53, 1711.73, "T", "SMD", "$1N4722", "", "R", 31.496, 25.591, 0, 0, 0],
		[166, "LED41_2", -915.47, 1711.73, "T", "SMD", "VCC", "", "R", 31.496, 25.591, 0, 0, 0],
		[167, "LED41_3", -974.53, 1678.27, "T", "SMD", "GND", "GND", "R", 31.496, 25.591, 0, 0, 0],
		[168, "LED41_4", -915.47, 1678.27, "T", "SMD", "$1N4720", "", "R", 31.496, 25.591, 0, 0, 0],
		[169, "LED42_1", -594.53, 2156.73, "T", "SMD", "$1N10943", "", "R", 31.496, 25.591, 0, 0, 0],
		[170, "LED42_2", -535.47, 2156.73, "T", "SMD", "VCC", "", "R", 31.496, 25.591, 0, 0, 0],
		[171, "LED42_3", -594.53, 2123.27, "T", "SMD", "GND", "GND", "R", 31.496, 25.591, 0, 0, 0],
		[172, "LED42_4", -535.47, 2123.27, "T", "SMD", "$1N4722", "", "R", 31.496, 25.591, 0, 0, 0],
		[173, "LED43_1", -1069.53, 2316.73, "T", "SMD", "NET_1", "", "R", 31.496, 25.591, 0, 0, 0],
		[174, "LED43_2", -1010.47, 2316.73, "T", "SMD", "VCC", "", "R", 31.496, 25.591, 0, 0, 0],
		[175, "LED43_3", -1069.53, 2283.27, "T", "SMD", "GND", "GND", "R", 31.496, 25.591, 0, 0, 0],
		[176, "LED43_4", -1010.47, 2283.27, "T", "SMD", "$1N10943", "", "R", 31.496, 25.591, 0, 0, 0],
		[177, "Q1_1", -77.4, -134.37, "T", "SMD", "$1N8945", "", "R", 49.213, 27.559, 0, 0, 270],
		[178, "Q1_2", -2.6, -134.37, "T", "SMD", "GND", "GND", "R", 49.213, 27.559, 0, 0, 270],
		[179, "Q1_3", -40, -55.63, "T", "SMD", "SPEAKER", "", "R", 49.213, 27.559, 0, 0, 270],
		[180, "R1_1", -197.96, 75, "T", "SMD", "VCC", "", "R", 22.27, 21.26, 0, 0, 180],
		[181, "R1_2", -232.04, 75, "T", "SMD", "KNOP", "", "R", 22.27, 21.26, 0, 0, 180],
		[182, "R2_1", -105, -37.04, "T", "SMD", "$1N8906", "", "R", 22.27, 21.26, 0, 0, 90],
		[183, "R2_2", -105, -2.96, "T", "SMD", "UPDI", "", "R", 22.27, 21.26, 0, 0, 90],
		[184, "R3_1", -102.04, -185, "T", "SMD", "MC_SPEAKER", "", "R", 22.27, 21.26, 0, 0, 0],
		[185, "R3_2", -67.96, -185, "T", "SMD", "$1N8945", "", "R", 22.27, 21.26, 0, 0, 0],
		[186, "SW1_1", -246.02, 685, "T", "SMD", "GND", "GND", "R", 48.425, 53.543, 0, 0, 0],
		[187, "SW1_2", -73.98, 685, "T", "SMD", "KNOP", "", "R", 48.425, 53.543, 0, 0, 0],
		[188, "U1_1", -168.5, -64.59, "T", "SMD", "KNOP", "", "R", 7.874, 26.181, 0, 0, 180],
		[189, "U1_2", -184.25, -64.59, "T", "SMD", "NET_2", "", "R", 7.874, 26.181, 0, 0, 180],
		[190, "U1_3", -200, -64.59, "T", "SMD", "GND", "GND", "R", 7.874, 26.181, 0, 0, 180],
		[191, "U1_4", -215.75, -64.59, "T", "SMD", "VCC", "", "R", 7.874, 26.181, 0, 0, 180],
		[192, "U1_5", -231.5, -64.59, "T", "SMD", "NET_3", "", "R", 7.874, 26.181, 0, 0, 180],
		[193, "U1_6", -255.41, -88.5, "T", "SMD", "NET_4", "", "R", 26.181, 7.874, 0, 0, 180],
		[194, "U1_7", -255.41, -104.25, "T", "SMD", "NET_5", "", "R", 26.181, 7.874, 0, 0, 180],
		[195, "U1_8", -255.41, -120, "T", "SMD", "NET_6", "", "R", 26.181, 7.874, 0, 0, 180],
		[196, "U1_9", -255.41, -135.75, "T", "SMD", "NET_7", "", "R", 26.181, 7.874, 0, 0, 180],
		[197, "U1_10", -255.41, -151.5, "T", "SMD", "NET_8", "", "R", 26.181, 7.874, 0, 0, 180],
		[198, "U1_11", -231.5, -175.41, "T", "SMD", "NET_9", "", "R", 7.874, 26.181, 0, 0, 180],
		[199, "U1_12", -215.75, -175.41, "T", "SMD", "NET_10", "", "R", 7.874, 26.181, 0, 0, 180],
		[200, "U1_13", -200, -175.41, "T", "SMD", "NET_11", "", "R", 7.874, 26.181, 0, 0, 180],
		[201, "U1_14", -184.25, -175.41, "T", "SMD", "SPEAKER_2", "", "R", 7.874, 26.181, 0, 0, 180],
		[202, "U1_15", -168.5, -175.41, "T", "SMD", "MC_SPEAKER", "", "R", 7.874, 26.181, 0, 0, 180],
		[203, "U1_16", -144.59, -151.5, "T", "SMD", "NET_12", "", "R", 26.181, 7.874, 0, 0, 180],
		[204, "U1_17", -144.59, -135.75, "T", "SMD", "NET1", "", "R", 26.181, 7.874, 0, 0, 180],
		[205, "U1_18", -144.59, -120, "T", "SMD", "NET_13", "", "R", 26.181, 7.874, 0, 0, 180],
		[206, "U1_19", -144.59, -104.25, "T", "SMD", "$1N8906", "", "R", 26.181, 7.874, 0, 0, 180],
		[207, "U1_20", -144.59, -88.5, "T", "SMD", "NET_14", "", "R", 26.181, 7.874, 0, 0, 180],
		[208, "U1_21", -200, -120, "T", "SMD", "NET_15", "", "R", 64.961, 64.961, 0, 0, 180],
		[209, "PAD1_2", -17.5, -120, "B", "SMD", "VCC_IN", "", "R", 75, 190, 0, 0, 0],
		[210, "PAD2_2", -225.9665, -120, "B", "SMD", "GND", "GND", "R", 78.0669, 190, 0, 0, 0],
		[211, "PAD3_2", -122.9744, -120, "B", "SMD", "UPDI", "", "R", 74.0512, 190, 0, 0, 0],
		[212, "PAD4_2", -1060, -85.3504, "B", "SMD", "GND", "GND", "R", 160, 259.2992, 0, 0, 0],
		[213, "PAD5_2", 847.5, -87.1713, "T", "SMD", "VCC_IN", "", "R", 455, 245.6575, 0, 0, 0],
		[214, "PAD6_2", -1060, -85.3504, "T", "SMD", "GND", "GND", "R", 160, 259.2992, 0, 0, 0],
		[215, "PAD7_2", 847.5, -87.1713, "B", "SMD", "VCC_IN", "", "R", 455, 245.6575, 0, 0, 0],
		[216, "PAD8_2", -110, 90, "B", "SMD", "SPEAKER", "", "R", 78.7402, 78.7402, 0, 0, 0],
		[217, "PAD9_2", -25, 90, "B", "SMD", "SPEAKER_2", "", "R", 39.3701, 78.7402, 0, 0, 0],
		[218, "PAD10_2", -215, 90, "B", "SMD", "VCC", "", "R", 78.7402, 78.7402, 0, 0, 0],
		[219, "PAD11_2", -170.3149, 15.315, "B", "SMD", "KNOP", "", "R", 39.3701, 39.3701, 0, 0, 0],
		[220, "PAD12_2", -85, 15, "B", "SMD", "NET1", "", "R", 39.3701, 39.3701, 0, 0, 0],
		[221, "PAD13_2", 1604.53, 591.73, "T", "SMD", "VCC", "", "R", 31.496, 25.591, 0, 0, 0],
		[222, "PAD14_4", 1604.53, 558.27, "T", "SMD", "NET1", "", "R", 31.496, 25.591, 0, 0, 0],
		[223, "PAD15_3", 1545.47, 558.27, "T", "SMD", "GND", "GND", "R", 31.496, 25.591, 0, 0, 0],
		[224, "PAD16_1", 1545.47, 591.73, "T", "SMD", "$1N788", "", "R", 31.496, 25.591, 0, 0, 0],
		[225, "PAD17_2", 1734.53, 386.73, "T", "SMD", "VCC", "", "R", 31.496, 25.591, 0, 0, 0],
		[226, "PAD18_4", 1734.53, 353.27, "T", "SMD", "$1N788", "", "R", 31.496, 25.591, 0, 0, 0],
		[227, "PAD19_3", 1675.47, 353.27, "T", "SMD", "GND", "GND", "R", 31.496, 25.591, 0, 0, 0],
		[228, "PAD20_1", 1675.47, 386.73, "T", "SMD", "$1N858", "", "R", 31.496, 25.591, 0, 0, 0],
		[229, "PAD21_2", 1504.53, 266.73, "T", "SMD", "VCC", "", "R", 31.496, 25.591, 0, 0, 0],
		[230, "PAD22_4", 1504.53, 233.27, "T", "SMD", "$1N858", "", "R", 31.496, 25.591, 0, 0, 0],
		[231, "PAD23_3", 1445.47, 233.27, "T", "SMD", "GND", "GND", "R", 31.496, 25.591, 0, 0, 0],
		[232, "PAD24_1", 1445.47, 266.73, "T", "SMD", "$1N1000", "", "R", 31.496, 25.591, 0, 0, 0],
		[233, "PAD25_1", -168.5, -64.59, "T", "SMD", "KNOP", "", "R", 7.874, 26.181, 0, 0, 180],
		[234, "PAD26_3", -200, -64.59, "T", "SMD", "GND", "GND", "R", 7.874, 26.181, 0, 0, 180],
		[235, "PAD27_4", -215.75, -64.59, "T", "SMD", "VCC", "", "R", 7.874, 26.181, 0, 0, 180],
		[236, "PAD28_14", -184.25, -175.41, "T", "SMD", "SPEAKER_2", "", "R", 7.874, 26.181, 0, 0, 180],
		[237, "PAD29_15", -168.5, -175.41, "T", "SMD", "MC_SPEAKER", "", "R", 7.874, 26.181, 0, 0, 180],
		[238, "PAD30_17", -144.59, -135.75, "T", "SMD", "NET1", "", "R", 26.181, 7.874, 0, 0, 180],
		[239, "PAD31_19", -144.59, -104.25, "T", "SMD", "$1N8906", "", "R", 26.181, 7.874, 0, 0, 180],
		[240, "PAD32_2", 1189.53, 266.73, "T", "SMD", "VCC", "", "R", 31.496, 25.591, 0, 0, 0],
		[241, "PAD33_4", 1189.53, 233.27, "T", "SMD", "$1N1000", "", "R", 31.496, 25.591, 0, 0, 0],
		[242, "PAD34_3", 1130.47, 233.27, "T", "SMD", "GND", "GND", "R", 31.496, 25.591, 0, 0, 0],
		[243, "PAD35_1", 1130.47, 266.73, "T", "SMD", "$1N998", "", "R", 31.496, 25.591, 0, 0, 0],
		[244, "PAD36_2", 814.53, 266.73, "T", "SMD", "VCC", "", "R", 31.496, 25.591, 0, 0, 0],
		[245, "PAD37_4", 814.53, 233.27, "T", "SMD", "$1N998", "", "R", 31.496, 25.591, 0, 0, 0],
		[246, "PAD38_3", 755.47, 233.27, "T", "SMD", "GND", "GND", "R", 31.496, 25.591, 0, 0, 0],
		[247, "PAD39_1", 755.47, 266.73, "T", "SMD", "$1N1144", "", "R", 31.496, 25.591, 0, 0, 0],
		[248, "PAD40_2", 409.53, 271.73, "T", "SMD", "VCC", "", "R", 31.496, 25.591, 0, 0, 0],
		[249, "PAD41_4", 409.53, 238.27, "T", "SMD", "$1N1144", "", "R", 31.496, 25.591, 0, 0, 0],
		[250, "PAD42_3", 350.47, 238.27, "T", "SMD", "GND", "GND", "R", 31.496, 25.591, 0, 0, 0],
		[251, "PAD43_1", 350.47, 271.73, "T", "SMD", "$1N1142", "", "R", 31.496, 25.591, 0, 0, 0],
		[252, "PAD44_2", 9.53, 271.73, "T", "SMD", "VCC", "", "R", 31.496, 25.591, 0, 0, 0],
		[253, "PAD45_4", 9.53, 238.27, "T", "SMD", "$1N1142", "", "R", 31.496, 25.591, 0, 0, 0],
		[254, "PAD46_3", -49.53, 238.27, "T", "SMD", "GND", "GND", "R", 31.496, 25.591, 0, 0, 0],
		[255, "PAD47_1", -49.53, 271.73, "T", "SMD", "$1N1736", "", "R", 31.496, 25.591, 0, 0, 0],
		[256, "PAD48_2", -375.47, 271.73, "T", "SMD", "VCC", "", "R", 31.496, 25.591, 0, 0, 0],
		[257, "PAD49_4", -375.47, 238.27, "T", "SMD", "$1N1736", "", "R", 31.496, 25.591, 0, 0, 0],
		[258, "PAD50_3", -434.53, 238.27, "T", "SMD", "GND", "GND", "R", 31.496, 25.591, 0, 0, 0],
		[259, "PAD51_1", -434.53, 271.73, "T", "SMD", "$1N1696", "", "R", 31.496, 25.591, 0, 0, 0],
		[260, "PAD52_2", -780.47, 266.73, "T", "SMD", "VCC", "", "R", 31.496, 25.591, 0, 0, 0],
		[261, "PAD53_4", -780.47, 233.27, "T", "SMD", "$1N1696", "", "R", 31.496, 25.591, 0, 0, 0],
		[262, "PAD54_3", -839.53, 233.27, "T", "SMD", "GND", "GND", "R", 31.496, 25.591, 0, 0, 0],
		[263, "PAD55_1", -839.53, 266.73, "T", "SMD", "$1N1703", "", "R", 31.496, 25.591, 0, 0, 0],
		[264, "PAD56_2", -1245.47, 266.73, "T", "SMD", "VCC", "", "R", 31.496, 25.591, 0, 0, 0],
		[265, "PAD57_4", -1245.47, 233.27, "T", "SMD", "$1N1703", "", "R", 31.496, 25.591, 0, 0, 0],
		[266, "PAD58_3", -1304.53, 233.27, "T", "SMD", "GND", "GND", "R", 31.496, 25.591, 0, 0, 0],
		[267, "PAD59_1", -1304.53, 266.73, "T", "SMD", "$1N1707", "", "R", 31.496, 25.591, 0, 0, 0],
		[268, "PAD60_2", -1710.47, 266.73, "T", "SMD", "VCC", "", "R", 31.496, 25.591, 0, 0, 0],
		[269, "PAD61_4", -1710.47, 233.27, "T", "SMD", "$1N1707", "", "R", 31.496, 25.591, 0, 0, 0],
		[270, "PAD62_3", -1769.53, 233.27, "T", "SMD", "GND", "GND", "R", 31.496, 25.591, 0, 0, 0],
		[271, "PAD63_1", -1769.53, 266.73, "T", "SMD", "$1N1693", "", "R", 31.496, 25.591, 0, 0, 0],
		[272, "PAD64_2", -1470.47, 806.73, "T", "SMD", "VCC", "", "R", 31.496, 25.591, 0, 0, 0],
		[273, "PAD65_4", -1470.47, 773.27, "T", "SMD", "$1N1693", "", "R", 31.496, 25.591, 0, 0, 0],
		[274, "PAD66_3", -1529.53, 773.27, "T", "SMD", "GND", "GND", "R", 31.496, 25.591, 0, 0, 0],
		[275, "PAD67_1", -1529.53, 806.73, "T", "SMD", "$1N1715", "", "R", 31.496, 25.591, 0, 0, 0],
		[276, "PAD68_2", -1630.47, 1191.73, "T", "SMD", "VCC", "", "R", 31.496, 25.591, 0, 0, 0],
		[277, "PAD69_4", -1630.47, 1158.27, "T", "SMD", "$1N1715", "", "R", 31.496, 25.591, 0, 0, 0],
		[278, "PAD70_3", -1689.53, 1158.27, "T", "SMD", "GND", "GND", "R", 31.496, 25.591, 0, 0, 0],
		[279, "PAD71_1", -1689.53, 1191.73, "T", "SMD", "$1N1712", "", "R", 31.496, 25.591, 0, 0, 0],
		[280, "PAD72_2", -1640.47, 1641.73, "T", "SMD", "VCC", "", "R", 31.496, 25.591, 0, 0, 0],
		[281, "PAD73_4", -1640.47, 1608.27, "T", "SMD", "$1N1712", "", "R", 31.496, 25.591, 0, 0, 0],
		[282, "PAD74_3", -1699.53, 1608.27, "T", "SMD", "GND", "GND", "R", 31.496, 25.591, 0, 0, 0],
		[283, "PAD75_1", -1699.53, 1641.73, "T", "SMD", "$1N2221", "", "R", 31.496, 25.591, 0, 0, 0],
		[284, "PAD76_2", -1470.47, 2031.73, "T", "SMD", "VCC", "", "R", 31.496, 25.591, 0, 0, 0],
		[285, "PAD77_4", -1470.47, 1998.27, "T", "SMD", "$1N2221", "", "R", 31.496, 25.591, 0, 0, 0],
		[286, "PAD78_3", -1529.53, 1998.27, "T", "SMD", "GND", "GND", "R", 31.496, 25.591, 0, 0, 0],
		[287, "PAD79_1", -1529.53, 2031.73, "T", "SMD", "$1N2216", "", "R", 31.496, 25.591, 0, 0, 0],
		[288, "PAD80_2", -1475.47, 2511.73, "T", "SMD", "VCC", "", "R", 31.496, 25.591, 0, 0, 0],
		[289, "PAD81_4", -1475.47, 2478.27, "T", "SMD", "$1N2216", "", "R", 31.496, 25.591, 0, 0, 0],
		[290, "PAD82_3", -1534.53, 2478.27, "T", "SMD", "GND", "GND", "R", 31.496, 25.591, 0, 0, 0],
		[291, "PAD83_1", -1534.53, 2511.73, "T", "SMD", "$1N2204", "", "R", 31.496, 25.591, 0, 0, 0],
		[292, "PAD84_2", -1735.47, 2871.73, "T", "SMD", "VCC", "", "R", 31.496, 25.591, 0, 0, 0],
		[293, "PAD85_4", -1735.47, 2838.27, "T", "SMD", "$1N2204", "", "R", 31.496, 25.591, 0, 0, 0],
		[294, "PAD86_3", -1794.53, 2838.27, "T", "SMD", "GND", "GND", "R", 31.496, 25.591, 0, 0, 0],
		[295, "PAD87_1", -1794.53, 2871.73, "T", "SMD", "$1N2207", "", "R", 31.496, 25.591, 0, 0, 0],
		[296, "PAD88_2", -1205.47, 2871.73, "T", "SMD", "VCC", "", "R", 31.496, 25.591, 0, 0, 0],
		[297, "PAD89_4", -1205.47, 2838.27, "T", "SMD", "$1N2207", "", "R", 31.496, 25.591, 0, 0, 0],
		[298, "PAD90_3", -1264.53, 2838.27, "T", "SMD", "GND", "GND", "R", 31.496, 25.591, 0, 0, 0],
		[299, "PAD91_1", -1264.53, 2871.73, "T", "SMD", "$1N2214", "", "R", 31.496, 25.591, 0, 0, 0],
		[300, "PAD92_2", -720.47, 2716.73, "T", "SMD", "VCC", "", "R", 31.496, 25.591, 0, 0, 0],
		[301, "PAD93_4", -720.47, 2683.27, "T", "SMD", "$1N2214", "", "R", 31.496, 25.591, 0, 0, 0],
		[302, "PAD94_3", -779.53, 2683.27, "T", "SMD", "GND", "GND", "R", 31.496, 25.591, 0, 0, 0],
		[303, "PAD95_1", -779.53, 2716.73, "T", "SMD", "$1N2228", "", "R", 31.496, 25.591, 0, 0, 0],
		[304, "PAD96_2", -650.47, 3231.73, "T", "SMD", "VCC", "", "R", 31.496, 25.591, 0, 0, 0],
		[305, "PAD97_4", -650.47, 3198.27, "T", "SMD", "$1N2228", "", "R", 31.496, 25.591, 0, 0, 0],
		[306, "PAD98_3", -709.53, 3198.27, "T", "SMD", "GND", "GND", "R", 31.496, 25.591, 0, 0, 0],
		[307, "PAD99_1", -709.53, 3231.73, "T", "SMD", "$1N2230", "", "R", 31.496, 25.591, 0, 0, 0],
		[308, "PAD100_2", -435.47, 3181.73, "T", "SMD", "VCC", "", "R", 31.496, 25.591, 0, 0, 0],
		[309, "PAD101_4", -435.47, 3148.27, "T", "SMD", "$1N2230", "", "R", 31.496, 25.591, 0, 0, 0],
		[310, "PAD102_3", -494.53, 3148.27, "T", "SMD", "GND", "GND", "R", 31.496, 25.591, 0, 0, 0],
		[311, "PAD103_1", -494.53, 3181.73, "T", "SMD", "$1N2728", "", "R", 31.496, 25.591, 0, 0, 0],
		[312, "PAD104_2", -275.47, 3246.73, "T", "SMD", "VCC", "", "R", 31.496, 25.591, 0, 0, 0],
		[313, "PAD105_4", -275.47, 3213.27, "T", "SMD", "$1N2728", "", "R", 31.496, 25.591, 0, 0, 0],
		[314, "PAD106_3", -334.53, 3213.27, "T", "SMD", "GND", "GND", "R", 31.496, 25.591, 0, 0, 0],
		[315, "PAD107_1", -334.53, 3246.73, "T", "SMD", "$1N2723", "", "R", 31.496, 25.591, 0, 0, 0],
		[316, "PAD108_2", -105.47, 3261.73, "T", "SMD", "VCC", "", "R", 31.496, 25.591, 0, 0, 0],
		[317, "PAD109_4", -105.47, 3228.27, "T", "SMD", "$1N2723", "", "R", 31.496, 25.591, 0, 0, 0],
		[318, "PAD110_3", -164.53, 3228.27, "T", "SMD", "GND", "GND", "R", 31.496, 25.591, 0, 0, 0],
		[319, "PAD111_1", -164.53, 3261.73, "T", "SMD", "$1N2711", "", "R", 31.496, 25.591, 0, 0, 0],
		[320, "PAD112_2", 64.53, 3246.73, "T", "SMD", "VCC", "", "R", 31.496, 25.591, 0, 0, 0],
		[321, "PAD113_4", 64.53, 3213.27, "T", "SMD", "$1N2711", "", "R", 31.496, 25.591, 0, 0, 0],
		[322, "PAD114_3", 5.47, 3213.27, "T", "SMD", "GND", "GND", "R", 31.496, 25.591, 0, 0, 0],
		[323, "PAD115_1", 5.47, 3246.73, "T", "SMD", "$1N2714", "", "R", 31.496, 25.591, 0, 0, 0],
		[324, "PAD116_2", 224.53, 3191.73, "T", "SMD", "VCC", "", "R", 31.496, 25.591, 0, 0, 0],
		[325, "PAD117_4", 224.53, 3158.27, "T", "SMD", "$1N2714", "", "R", 31.496, 25.591, 0, 0, 0],
		[326, "PAD118_3", 165.47, 3158.27, "T", "SMD", "GND", "GND", "R", 31.496, 25.591, 0, 0, 0],
		[327, "PAD119_1", 165.47, 3191.73, "T", "SMD", "$1N2721", "", "R", 31.496, 25.591, 0, 0, 0],
		[328, "PAD120_2", 59.53, 2096.73, "T", "SMD", "VCC", "", "R", 31.496, 25.591, 0, 0, 0],
		[329, "PAD121_4", 59.53, 2063.27, "T", "SMD", "$1N2721", "", "R", 31.496, 25.591, 0, 0, 0],
		[330, "PAD122_3", 0.47, 2063.27, "T", "SMD", "GND", "GND", "R", 31.496, 25.591, 0, 0, 0],
		[331, "PAD123_1", 0.47, 2096.73, "T", "SMD", "$1N2735", "", "R", 31.496, 25.591, 0, 0, 0],
		[332, "PAD124_2", 484.53, 1896.73, "T", "SMD", "VCC", "", "R", 31.496, 25.591, 0, 0, 0],
		[333, "PAD125_4", 484.53, 1863.27, "T", "SMD", "$1N2735", "", "R", 31.496, 25.591, 0, 0, 0],
		[334, "PAD126_3", 425.47, 1863.27, "T", "SMD", "GND", "GND", "R", 31.496, 25.591, 0, 0, 0],
		[335, "PAD127_1", 425.47, 1896.73, "T", "SMD", "$1N2737", "", "R", 31.496, 25.591, 0, 0, 0],
		[336, "PAD128_2", 944.53, 1871.73, "T", "SMD", "VCC", "", "R", 31.496, 25.591, 0, 0, 0],
		[337, "PAD129_4", 944.53, 1838.27, "T", "SMD", "$1N2737", "", "R", 31.496, 25.591, 0, 0, 0],
		[338, "PAD130_3", 885.47, 1838.27, "T", "SMD", "GND", "GND", "R", 31.496, 25.591, 0, 0, 0],
		[339, "PAD131_1", 885.47, 1871.73, "T", "SMD", "$1N4741", "", "R", 31.496, 25.591, 0, 0, 0],
		[340, "PAD132_2", 1354.53, 1986.73, "T", "SMD", "VCC", "", "R", 31.496, 25.591, 0, 0, 0],
		[341, "PAD133_4", 1354.53, 1953.27, "T", "SMD", "$1N4741", "", "R", 31.496, 25.591, 0, 0, 0],
		[342, "PAD134_3", 1295.47, 1953.27, "T", "SMD", "GND", "GND", "R", 31.496, 25.591, 0, 0, 0],
		[343, "PAD135_1", 1295.47, 1986.73, "T", "SMD", "$1N4746", "", "R", 31.496, 25.591, 0, 0, 0],
		[344, "PAD136_2", 1514.53, 1601.73, "T", "SMD", "VCC", "", "R", 31.496, 25.591, 0, 0, 0],
		[345, "PAD137_4", 1514.53, 1568.27, "T", "SMD", "$1N4746", "", "R", 31.496, 25.591, 0, 0, 0],
		[346, "PAD138_3", 1455.47, 1568.27, "T", "SMD", "GND", "GND", "R", 31.496, 25.591, 0, 0, 0],
		[347, "PAD139_1", 1455.47, 1601.73, "T", "SMD", "$1N4734", "", "R", 31.496, 25.591, 0, 0, 0],
		[348, "PAD140_2", 1434.53, 1161.73, "T", "SMD", "VCC", "", "R", 31.496, 25.591, 0, 0, 0],
		[349, "PAD141_4", 1434.53, 1128.27, "T", "SMD", "$1N4734", "", "R", 31.496, 25.591, 0, 0, 0],
		[350, "PAD142_3", 1375.47, 1128.27, "T", "SMD", "GND", "GND", "R", 31.496, 25.591, 0, 0, 0],
		[351, "PAD143_1", 1375.47, 1161.73, "T", "SMD", "$1N4748", "", "R", 31.496, 25.591, 0, 0, 0],
		[352, "PAD144_2", 1234.53, 801.73, "T", "SMD", "VCC", "", "R", 31.496, 25.591, 0, 0, 0],
		[353, "PAD145_4", 1234.53, 768.27, "T", "SMD", "$1N4748", "", "R", 31.496, 25.591, 0, 0, 0],
		[354, "PAD146_3", 1175.47, 768.27, "T", "SMD", "GND", "GND", "R", 31.496, 25.591, 0, 0, 0],
		[355, "PAD147_1", 1175.47, 801.73, "T", "SMD", "$1N4713", "", "R", 31.496, 25.591, 0, 0, 0],
		[356, "PAD148_2", 659.53, 1166.73, "T", "SMD", "VCC", "", "R", 31.496, 25.591, 0, 0, 0],
		[357, "PAD149_4", 659.53, 1133.27, "T", "SMD", "$1N4713", "", "R", 31.496, 25.591, 0, 0, 0],
		[358, "PAD150_3", 600.47, 1133.27, "T", "SMD", "GND", "GND", "R", 31.496, 25.591, 0, 0, 0],
		[359, "PAD151_1", 600.47, 1166.73, "T", "SMD", "$1N4710", "", "R", 31.496, 25.591, 0, 0, 0],
		[360, "PAD152_2", 1099.53, 1576.73, "T", "SMD", "VCC", "", "R", 31.496, 25.591, 0, 0, 0],
		[361, "PAD153_4", 1099.53, 1543.27, "T", "SMD", "$1N4710", "", "R", 31.496, 25.591, 0, 0, 0],
		[362, "PAD154_3", 1040.47, 1543.27, "T", "SMD", "GND", "GND", "R", 31.496, 25.591, 0, 0, 0],
		[363, "PAD155_1", 1040.47, 1576.73, "T", "SMD", "$1N4706", "", "R", 31.496, 25.591, 0, 0, 0],
		[364, "PAD156_2", 459.53, 1566.73, "T", "SMD", "VCC", "", "R", 31.496, 25.591, 0, 0, 0],
		[365, "PAD157_4", 459.53, 1533.27, "T", "SMD", "$1N4706", "", "R", 31.496, 25.591, 0, 0, 0],
		[366, "PAD158_3", 400.47, 1533.27, "T", "SMD", "GND", "GND", "R", 31.496, 25.591, 0, 0, 0],
		[367, "PAD159_1", 400.47, 1566.73, "T", "SMD", "$1N4694", "", "R", 31.496, 25.591, 0, 0, 0],
		[368, "PAD160_2", 54.53, 1576.73, "T", "SMD", "VCC", "", "R", 31.496, 25.591, 0, 0, 0],
		[369, "PAD161_4", 54.53, 1543.27, "T", "SMD", "$1N4694", "", "R", 31.496, 25.591, 0, 0, 0],
		[370, "PAD162_3", -4.53, 1543.27, "T", "SMD", "GND", "GND", "R", 31.496, 25.591, 0, 0, 0],
		[371, "PAD163_1", -4.53, 1576.73, "T", "SMD", "$1N4690", "", "R", 31.496, 25.591, 0, 0, 0],
		[372, "PAD164_2", -325.47, 1581.73, "T", "SMD", "VCC", "", "R", 31.496, 25.591, 0, 0, 0],
		[373, "PAD165_4", -325.47, 1548.27, "T", "SMD", "$1N4690", "", "R", 31.496, 25.591, 0, 0, 0],
		[374, "PAD166_3", -384.53, 1548.27, "T", "SMD", "GND", "GND", "R", 31.496, 25.591, 0, 0, 0],
		[375, "PAD167_1", -384.53, 1581.73, "T", "SMD", "$1N4728", "", "R", 31.496, 25.591, 0, 0, 0],
		[376, "PAD168_2", 169.53, 831.73, "T", "SMD", "VCC", "", "R", 31.496, 25.591, 0, 0, 0],
		[377, "PAD169_4", 169.53, 798.27, "T", "SMD", "$1N4728", "", "R", 31.496, 25.591, 0, 0, 0],
		[378, "PAD170_3", 110.47, 798.27, "T", "SMD", "GND", "GND", "R", 31.496, 25.591, 0, 0, 0],
		[379, "PAD171_1", 110.47, 831.73, "T", "SMD", "$1N4731", "", "R", 31.496, 25.591, 0, 0, 0],
		[380, "PAD172_2", -530.47, 841.73, "T", "SMD", "VCC", "", "R", 31.496, 25.591, 0, 0, 0],
		[381, "PAD173_4", -530.47, 808.27, "T", "SMD", "$1N4731", "", "R", 31.496, 25.591, 0, 0, 0],
		[382, "PAD174_3", -589.53, 808.27, "T", "SMD", "GND", "GND", "R", 31.496, 25.591, 0, 0, 0],
		[383, "PAD175_1", -589.53, 841.73, "T", "SMD", "$1N4700", "", "R", 31.496, 25.591, 0, 0, 0],
		[384, "PAD176_2", -1040.47, 1096.73, "T", "SMD", "VCC", "", "R", 31.496, 25.591, 0, 0, 0],
		[385, "PAD177_4", -1040.47, 1063.27, "T", "SMD", "$1N4700", "", "R", 31.496, 25.591, 0, 0, 0],
		[386, "PAD178_3", -1099.53, 1063.27, "T", "SMD", "GND", "GND", "R", 31.496, 25.591, 0, 0, 0],
		[387, "PAD179_1", -1099.53, 1096.73, "T", "SMD", "$1N4720", "", "R", 31.496, 25.591, 0, 0, 0],
		[388, "PAD180_2", -915.47, 1711.73, "T", "SMD", "VCC", "", "R", 31.496, 25.591, 0, 0, 0],
		[389, "PAD181_4", -915.47, 1678.27, "T", "SMD", "$1N4720", "", "R", 31.496, 25.591, 0, 0, 0],
		[390, "PAD182_3", -974.53, 1678.27, "T", "SMD", "GND", "GND", "R", 31.496, 25.591, 0, 0, 0],
		[391, "PAD183_1", -974.53, 1711.73, "T", "SMD", "$1N4722", "", "R", 31.496, 25.591, 0, 0, 0],
		[392, "PAD184_2", -535.47, 2156.73, "T", "SMD", "VCC", "", "R", 31.496, 25.591, 0, 0, 0],
		[393, "PAD185_4", -535.47, 2123.27, "T", "SMD", "$1N4722", "", "R", 31.496, 25.591, 0, 0, 0],
		[394, "PAD186_3", -594.53, 2123.27, "T", "SMD", "GND", "GND", "R", 31.496, 25.591, 0, 0, 0],
		[395, "PAD187_1", -594.53, 2156.73, "T", "SMD", "$1N10943", "", "R", 31.496, 25.591, 0, 0, 0],
		[396, "PAD188_2", -188.54, -15, "T", "SMD", "GND", "GND", "R", 31.106, 21.26, 0, 0, 0],
		[397, "PAD189_1", -231.46, -15, "T", "SMD", "VCC", "", "R", 31.106, 21.26, 0, 0, 0],
		[398, "PAD190_2", -114.98, 75, "T", "SMD", "VCC", "", "R", 52.559, 59.055, 0, 0, 180],
		[399, "PAD191_1", -25.02, 75, "T", "SMD", "VCC_IN", "", "R", 52.559, 59.055, 0, 0, 180],
		[400, "PAD192_2", -232.04, 75, "T", "SMD", "KNOP", "", "R", 22.27, 21.26, 0, 0, 180],
		[401, "PAD193_1", -197.96, 75, "T", "SMD", "VCC", "", "R", 22.27, 21.26, 0, 0, 180],
		[402, "PAD194_1", -246.02, 685, "T", "SMD", "GND", "GND", "R", 48.425, 53.543, 0, 0, 0],
		[403, "PAD195_2", -73.98, 685, "T", "SMD", "KNOP", "", "R", 48.425, 53.543, 0, 0, 0],
		[404, "PAD196_1", -77.4, -134.37, "T", "SMD", "$1N8945", "", "R", 49.213, 27.559, 0, 0, 270],
		[405, "PAD197_2", -2.6, -134.37, "T", "SMD", "GND", "GND", "R", 49.213, 27.559, 0, 0, 270],
		[406, "PAD198_3", -40, -55.63, "T", "SMD", "SPEAKER", "", "R", 49.213, 27.559, 0, 0, 270],
		[407, "PAD199_2", -105, -2.96, "T", "SMD", "UPDI", "", "R", 22.27, 21.26, 0, 0, 90],
		[408, "PAD200_1", -105, -37.04, "T", "SMD", "$1N8906", "", "R", 22.27, 21.26, 0, 0, 90],
		[409, "PAD201_2", -67.96, -185, "T", "SMD", "$1N8945", "", "R", 22.27, 21.26, 0, 0, 0],
		[410, "PAD202_1", -102.04, -185, "T", "SMD", "MC_SPEAKER", "", "R", 22.27, 21.26, 0, 0, 0],
		[411, "PAD203_2", -1010.47, 2316.73, "T", "SMD", "VCC", "", "R", 31.496, 25.591, 0, 0, 0],
		[412, "PAD204_4", -1010.47, 2283.27, "T", "SMD", "$1N10943", "", "R", 31.496, 25.591, 0, 0, 0],
		[413, "PAD205_3", -1069.53, 2283.27, "T", "SMD", "GND", "GND", "R", 31.496, 25.591, 0, 0, 0]
	]
}
}